{
  "best_params": {
    "C": 100,
    "max_iter": 1000,
    "penalty": "l2",
    "solver": "liblinear"
  },
  "best_cv_score": 0.9945090265335244,
  "test_accuracy": 0.9949077741314926,
  "test_precision": 0.996039603960396,
  "test_recall": 0.9940711462450593,
  "test_f1": 0.9950544015825915,
  "baseline_accuracy": 0.9892497453887066,
  "baseline_f1": 0.9895385970708072,
  "improvement_accuracy": 0.5658028742785981,
  "improvement_f1": 0.551580451178435
}