{
  "Logistic Regression": {
    "cv_mean": 0.9870985995190267,
    "cv_std": 0.0010018917079997753,
    "accuracy": 0.9892497453887066,
    "precision": 0.9924895074000442,
    "recall": 0.9866051822573562,
    "f1": 0.9895385970708072,
    "confusion_matrix": [
      [
        4249,
        34
      ],
      [
        61,
        4493
      ]
    ]
  },
  "Naive Bayes": {
    "cv_mean": 0.9425095487339087,
    "cv_std": 0.001901292699551426,
    "accuracy": 0.948625099015503,
    "precision": 0.9503514938488576,
    "recall": 0.9499341238471674,
    "f1": 0.9501427630133977,
    "confusion_matrix": [
      [
        4057,
        226
      ],
      [
        228,
        4326
      ]
    ]
  }
}