{
  "timestamp": "2025-12-08 19:22:35",
  "total_samples": 31711,
  "training_samples": 25368,
  "test_samples": 6343,
  "cv_scores": [
    0.9834450137958218,
    0.9856129286558928,
    0.9852187623176981,
    0.9850187265917603,
    0.9854129706288193
  ],
  "cv_mean": 0.9849416803979985,
  "cv_std": 0.0007740038927113819,
  "test_accuracy": 0.9862840927006149,
  "confusion_matrix": [
    [
      3367,
      30
    ],
    [
      57,
      2889
    ]
  ],
  "precision": 0.9897225077081192,
  "recall": 0.9806517311608961,
  "f1_score": 0.9851662404092072
}